Index,x,y,size,angle,response
0,105.566,510.34,5.15907,160.715,0.0150023
1,109.81,521.21,4.91399,157.171,0.0186514
2,120.824,543.375,5.18346,148.639,0.0164669
3,126.352,550.386,4.05933,148.364,0.0156699
4,126.822,443.889,10.4456,25.3966,0.0476784
5,126.917,416.507,4.79794,231.512,0.0144615
6,127.981,477.398,4.03584,167.218,0.0211582
7,130.742,485.12,5.24207,173.132,0.0378706
8,134.741,476.483,6.6707,315.946,0.0746772
9,135.411,564.299,5.22792,140.614,0.0187232
10,141.238,490.746,13.5687,317.42,0.0770705
11,145.101,574.439,4.0303,138.187,0.0169845
12,149.938,405.869,5.6583,221.976,0.0216199
13,149.938,405.869,5.6583,241.667,0.0216199
14,153.942,453.098,39.8302,321.48,0.0596889
15,157.661,411.491,11.0613,90.0955,0.0601047
16,162.466,385.681,3.81027,219.503,0.0147085
17,163.739,594.205,5.30856,130.315,0.0160089
18,163.962,506.637,7.44512,312.808,0.0770167
19,169.549,405.471,7.93557,21.6758,0.0506776
20,169.549,405.471,7.93557,304.353,0.0506776
21,169.819,599.319,4.81824,133.013,0.0171649
22,177.189,607.893,5.45663,143.566,0.0190566
23,178.694,541.219,5.48378,92.8789,0.0283882
24,186.959,621.794,5.64351,142.36,0.0173067
25,198.031,610.936,5.26301,325.483,0.0320925
26,198.168,636.288,4.93197,141.418,0.0178851
27,198.778,427.231,5.10795,310.068,0.0273222
28,205.166,521.556,5.05745,245.053,0.0313048
29,206.548,647.634,5.16106,140.182,0.0158112
30,212.46,655.421,5.05288,142.226,0.0190506
31,213.671,474.959,9.15724,159.71,0.0444438
32,217.834,496.559,9.73477,179.159,0.0501782
33,218.749,399.406,36.9209,22.9665,0.0591684
34,218.749,399.406,36.9209,63.8579,0.0591684
35,218.749,399.406,36.9209,88.0655,0.0591684
36,223.422,644.765,5.74007,320.105,0.0313071
37,224.477,456.31,5.859,216.549,0.0529284
38,224.477,456.31,5.859,319.273,0.0529284
39,225.928,470.88,13.4377,160.376,0.0756987
40,226.064,441.344,12.807,227.829,0.0446743
41,227.07,520.522,3.99712,31.6098,0.0237833
42,230.425,441.736,7.88525,220.878,0.0432571
43,230.865,442.386,6.99695,220.029,0.043623
44,231.556,357.334,5.09305,229.985,0.032357
45,231.556,357.334,5.09305,276.182,0.032357
46,233.157,510.794,5.95344,22.332,0.0694654
47,233.157,510.794,5.95344,115.632,0.0694654
48,234.468,365.524,9.89112,113.83,0.0638469
49,235.802,472.143,5.33075,7.92122,0.0285914
50,237.556,463.018,4.73754,21.8311,0.0324329
51,243.345,495.832,8.36395,319.53,0.0487701
52,244.381,450.292,4.33578,32.3907,0.0294631
53,245.374,363.959,6.21034,42.909,0.0494716
54,245.374,363.959,6.21034,319.56,0.0494716
55,249.632,443.162,4.28946,41.7023,0.0289433
56,253.224,706.462,4.88036,141.664,0.0164809
57,253.667,706.4,4.35831,142.292,0.0162885
58,253.79,535.69,23.8505,43.821,0.0407593
59,253.79,535.69,23.8505,144.269,0.0407593
60,253.848,438.918,4.1101,46.5168,0.0255545
61,255.949,413.085,8.2544,212.619,0.0570848
62,256.756,339.889,5.48531,249.998,0.0224256
63,258.555,520.551,5.41627,95.7242,0.0359484
64,259.404,714.601,5.17177,140.167,0.0157719
65,259.856,433.044,4.2102,48.3152,0.0238534
66,261.183,484.824,27.3397,12.016,0.0458501
67,265.186,478.711,31.5193,11.4236,0.0452725
68,272.78,522.291,8.08174,93.5932,0.0639813
69,272.965,404.564,6.4162,255.461,0.0503937
70,272.965,404.564,6.4162,333.314,0.0503937
71,273.044,730.979,4.8866,139.684,0.0171725
72,273.594,421.68,4.08754,56.1748,0.027254
73,277.704,556.462,6.59464,32.1465,0.0851279
74,277.704,556.462,6.59464,191.938,0.0851279
75,279.528,511.699,11.177,249.447,0.083507
76,282.116,741.698,4.74557,139.316,0.0194827
77,285.99,554.897,5.04594,28.2966,0.0363096
78,290.003,513.852,6.22069,51.1008,0.0592766
79,290.003,513.852,6.22069,354.66,0.0592766
80,292.176,754.095,5.64292,140.387,0.0191524
81,294.339,397.687,7.86383,270.493,0.0413742
82,300.377,341.802,4.97383,295.486,0.0215076
83,300.721,763.276,4.84444,139.149,0.0183784
84,311.277,776.025,5.35764,139.478,0.0156535
85,319.237,474.255,7.51373,29.4209,0.100943
86,319.237,474.255,7.51373,223.412,0.100943
87,323.161,482.219,5.3989,36.8365,0.0372752
88,325.85,362.779,5.20305,320.272,0.0229806
89,328.11,399.596,8.01958,161.385,0.0748892
90,328.11,399.596,8.01958,273.108,0.0748892
91,333.969,800.805,5.48792,137.448,0.0177999
92,339.569,410.756,12.1649,112.016,0.0686323
93,342.227,389.471,5.15577,331.133,0.0218475
94,343.677,810.901,5.25699,138.359,0.0183617
95,349.687,408.032,6.06475,322.162,0.0273218
96,349.706,430.452,8.09229,137.476,0.0515744
97,356.381,415.053,2.40726,309.936,0.0193536
98,362.029,631.447,150.158,326.358,0.0442705
99,362.941,420.166,4.89101,320.897,0.0210157
100,364.618,832.746,5.00832,136.869,0.0192315
101,369.555,521.358,5.11192,147.547,0.0429826
102,369.676,429.337,6.08812,332.844,0.0227731
103,372.376,509.326,8.715,168.587,0.0761609
104,377.95,846.776,5.30848,139.222,0.0173108
105,381.034,509.929,6.06108,348.542,0.0264609
106,386.33,520.064,5.05082,321.321,0.0222719
107,388.774,857.144,5.0935,132.128,0.0177693
108,396.753,865.322,5.31313,135.156,0.0198734
109,406.225,850.996,6.88131,313.095,0.0313515
110,436.72,880.953,6.12006,310.808,0.0315172
111,446.662,1264.1,5.09875,199.485,0.0185401
112,453.822,1245.61,5.04,202.873,0.0179739
113,455.526,922.048,6.66583,141.913,0.0266202
114,455.526,922.048,6.66583,177.702,0.0266202
115,457.391,1236.89,5.02215,203.771,0.018027
116,459.263,953.987,6.46622,149.527,0.0155137
117,466.201,600.763,4.76317,310.067,0.0225208
118,467.334,923.346,11.8251,311.734,0.0586781
119,468.174,962.641,5.01914,133.223,0.01849
120,469.644,1208.99,6.0695,209.566,0.0182397
121,470.362,936.455,34.9215,11.6109,0.0368997
122,470.362,936.455,34.9215,310.209,0.0368997
123,472.266,953.703,10.3154,138.476,0.0538982
124,472.266,953.703,10.3154,355.57,0.0538982
125,473.504,965.98,2.65947,133.182,0.0142565
126,474.622,939.13,8.17067,331.922,0.119254
127,478.466,972.165,4.9495,129.491,0.0193113
128,479.361,611.937,5.20774,310.587,0.0227189
129,486.061,956.352,8.26163,49.6623,0.0742276
130,486.061,956.352,8.26163,316.633,0.0742276
131,486.275,617.918,5.10588,309.911,0.022729
132,489.335,939.772,10.4073,51.0215,0.077336
133,490.784,1173.71,5.31381,211.284,0.0200675
134,491.014,929.041,6.25581,235.689,0.0498113
135,491.014,929.041,6.25581,302.144,0.0498113
136,497.832,1163.67,4.82859,215.384,0.0205713
137,509.311,637.777,4.76003,309.928,0.0238015
138,517.954,644.578,4.88872,309.789,0.0241992
139,521.736,1131.2,4.68544,219.649,0.0202746
140,526.851,1003.4,4.7162,116.475,0.017526
141,529.344,889.895,7.37909,227.407,0.0442093
142,540.36,662.71,4.85472,308.788,0.024167
143,541.776,1011.19,5.53662,114.167,0.0179963
144,549.095,669.065,5.23039,309.325,0.0229721
145,557.366,675.82,4.9162,310.014,0.0235718
146,568.35,945.296,70.8254,306.668,0.0426468
147,572.303,1040.06,61.7655,29.5609,0.0556709
148,572.303,1040.06,61.7655,305.537,0.0556709
149,572.569,1065.46,5.09227,217.966,0.0190248
150,586.07,1046.91,4.50692,212.73,0.0186954
151,586.399,1306.45,10.3439,253.248,0.054833
152,595.993,1029.25,5.93384,116.565,0.0330083
153,595.993,1029.25,5.93384,204.807,0.0330083
154,600.411,714.673,10.6754,128.442,0.067634
155,606.34,1024.76,12.0282,280.695,0.0812079
156,611.466,737.445,7.99125,142.09,0.0594753
157,611.466,737.445,7.99125,185.8,0.0594753
158,614.29,717.595,6.13754,130.616,0.109294
159,614.486,1033.76,7.95205,43.0031,0.0596197
160,615.089,715.842,28.6148,131.665,0.0477754
161,623.016,894.161,134.805,335.629,0.0430399
162,623.12,512.576,4.97613,208.125,0.0165929
163,623.759,406.67,12.0466,182.37,0.0445199
164,624.335,712.837,8.69186,297.875,0.0475286
165,625.639,475.275,7.72363,0.634956,0.0425383
166,625.639,475.275,7.72363,158.632,0.0425383
167,626.82,505.301,5.44341,217.734,0.0165146
168,628.178,421.055,4.7569,3.6459,0.0339601
169,628.178,421.055,4.7569,141.514,0.0339601
170,629.115,567.382,5.26012,141.527,0.0151736
171,630.022,353.075,5.27965,165.531,0.0171284
172,630.452,705.427,6.19975,299.654,0.0187184
173,632.67,467.57,6.15745,354.661,0.0178964
174,633.016,101.211,30.3456,212.121,0.0138258
175,633.483,729.859,8.34369,127.133,0.0790738
176,634.96,574.086,5.24563,132.307,0.0167115
177,637.007,379.553,4.93978,167.151,0.0187016
178,640.96,751.895,21.7669,132.947,0.0639177
179,641.323,186.602,6.89799,20.3939,0.0335293
180,641.631,578.959,5.10298,126.27,0.0177981
181,641.757,755.13,23.3775,128.047,0.0632772
182,642.39,149.051,5.28887,210.836,0.0161343
183,642.456,544.174,15.0419,341.778,0.0470345
184,643.823,429.878,79.3433,343.28,0.0370172
185,646.9,488.712,5.4551,241.453,0.0163192
186,649.211,670.909,128.949,88.3897,0.0446773
187,649.211,670.909,128.949,127.971,0.0446773
188,649.98,460.098,8.368,153.794,0.0220732
189,650.697,526.941,5.62997,236.303,0.0680853
190,650.859,582.9,3.80302,110.2,0.0162094
191,651.339,440.595,11.2676,147.761,0.0385199
192,651.339,440.595,11.2676,338.904,0.0385199
193,651.641,544.822,4.9454,167.709,0.0251666
194,655.336,484.166,6.29346,181.657,0.0259567
195,655.336,484.166,6.29346,236.36,0.0259567
196,657.869,125.558,7.84227,202.913,0.0225457
197,660.436,101.11,7.73333,195.296,0.0271234
198,660.856,547.374,7.45798,3.27328,0.0702618
199,660.856,547.374,7.45798,153.155,0.0702618
200,661.549,1015.45,5.01221,271.432,0.0421592
201,661.781,148.466,5.78582,46.9614,0.0547672
202,661.781,148.466,5.78582,138.171,0.0547672
203,662.296,77.0456,11.5266,199.569,0.0133658
204,662.52,455.822,13.2827,16.2606,0.0515274
205,664.941,489.886,11.5564,85.2592,0.0645338
206,665.58,75.9498,9.41081,202.29,0.0141415
207,665.968,527.186,14.6927,278.66,0.0740757
208,666.14,1027.98,4.99894,62.7236,0.0400874
209,666.787,156.552,3.91266,119.34,0.0160445
210,666.851,526.275,12.8595,287.364,0.0748011
211,669.981,466.768,6.43186,17.3651,0.0390985
212,670.375,149.608,6.0542,2.1418,0.0675772
213,670.375,149.608,6.0542,137.414,0.0675772
214,670.849,539.521,8.37661,3.91502,0.060185
215,670.849,539.521,8.37661,126.996,0.060185
216,671.572,562.714,17.5891,271.928,0.0398887
217,671.754,157.574,3.06052,80.0825,0.0143043
218,671.887,121.154,15.8048,36.0174,0.0473125
219,672.171,737.487,7.4152,198.361,0.036548
220,672.171,737.487,7.4152,273.477,0.036548
221,672.171,737.487,7.4152,301.095,0.036548
222,672.671,589.545,6.46969,103.742,0.0301014
223,672.671,589.545,6.46969,167.561,0.0301014
224,673.258,70.6574,4.62037,210.174,0.0167943
225,673.51,481.632,7.98823,304.966,0.0433437
226,673.51,481.632,7.98823,338.036,0.0433437
227,674.711,748.334,19.2949,135.757,0.0700348
228,675.08,387.623,5.48253,202.717,0.0267733
229,677.005,109.943,6.21754,240.501,0.0334099
230,677.005,109.943,6.21754,358.527,0.0334099
231,680.155,57.7001,6.60168,221.572,0.0246757
232,680.71,581.913,12.0414,263.601,0.0584828
233,682.691,537.884,6.96187,137.98,0.0723168
234,682.691,537.884,6.96187,344.081,0.0723168
235,683.872,97.7717,11.2056,13.7063,0.0383707
236,683.872,97.7717,11.2056,242.589,0.0383707
237,685.718,95.3896,12.4312,21.3172,0.0384506
238,685.718,95.3896,12.4312,244.498,0.0384506
239,686.375,82.0517,7.8879,30.5101,0.0262508
240,686.897,387.448,10.4265,206.657,0.068623
241,686.897,387.448,10.4265,318.375,0.068623
242,687.239,462.244,24.7965,8.19263,0.0361032
243,687.528,399.933,6.43207,152.423,0.0606345
244,687.743,402.028,7.26403,149.665,0.0609439
245,687.824,755.5,8.08857,74.0121,0.0810352
246,687.824,755.5,8.08857,329.298,0.0810352
247,689.142,534.315,4.6098,341.426,0.0247075
248,690.007,500.638,7.69237,114.375,0.0806466
249,691.543,492.711,4.88839,304.266,0.0282487
250,691.607,587.43,8.10681,3.34625,0.044804
251,691.607,587.43,8.10681,42.2031,0.044804
252,692.133,733.657,7.90549,268.424,0.0555306
253,692.133,733.657,7.90549,358.924,0.0555306
254,694.974,573.795,7.34487,45.9291,0.0684763
255,694.974,573.795,7.34487,254.36,0.0684763
256,696.367,43.5561,5.35548,233,0.0225491
257,699.02,59.3204,4.08965,43.6967,0.0223161
258,703.732,91.6373,6.332,238.795,0.0260882
259,705.917,401.859,36.656,339.831,0.0332757
260,708.401,553.535,32.2085,209.983,0.0225072
261,713.057,448.21,7.68591,353.876,0.0727793
262,715.7,71.0195,18.8658,219.92,0.0324427
263,715.786,106.358,7.83513,66.8522,0.0585255
264,715.786,106.358,7.83513,175.892,0.0585255
265,719.605,691.308,37.5365,358.319,0.029607
266,719.983,76.75,12.5993,217.188,0.0331643
267,723.681,417.666,4.68285,150.141,0.0309013
268,723.784,144.883,4.9346,109.821,0.014327
269,725.915,133.704,8.16746,4.95762,0.0732075
270,725.915,133.704,8.16746,169.407,0.0732075
271,736.322,82.4758,13.4702,58.8083,0.0515311
272,736.322,82.4758,13.4702,214.722,0.0515311
273,739.784,97.3879,10.177,29.2837,0.0446069
274,739.784,97.3879,10.177,57.4991,0.0446069
275,740.089,845.664,7.88227,280.936,0.0719474
276,743.149,301.973,5.40851,231.759,0.0438778
277,743.776,46.0209,9.48514,221.011,0.0430665
278,744.661,442.982,4.86585,129.179,0.0274248
279,745.766,863.922,6.67667,83.1338,0.0835914
280,745.766,863.922,6.67667,353.251,0.0835914
281,747.505,44.4012,7.8843,91.4124,0.043518
282,747.505,44.4012,7.8843,219.531,0.043518
283,749.261,71.9332,7.3349,37.0064,0.0487379
284,749.261,71.9332,7.3349,257.602,0.0487379
285,751.125,42.9256,6.24949,94.1974,0.0436501
286,751.125,42.9256,6.24949,219.863,0.0436501
287,756.634,452.323,6.24002,116.687,0.0432249
288,759.654,511.861,7.65034,228.696,0.0472685
289,763.422,692.364,6.03352,133.554,0.029997
290,765.613,286.223,5.19211,240.477,0.0358308
291,770.019,676.928,4.25901,317.214,0.0259528
292,770.653,27.6688,9.24726,265.282,0.0293849
293,772.482,481.422,24.6513,238.406,0.0425603
294,775.716,56.9865,14.7966,77.9375,0.0452656
295,780.522,348.073,5.47004,264.274,0.0343751
296,781.776,38.2987,12.6738,260.39,0.0480241
297,781.79,364.555,16.7944,62.3309,0.161014
298,781.79,364.555,16.7944,133.599,0.161014
299,781.79,364.555,16.7944,179.199,0.161014
300,781.79,364.555,16.7944,214.227,0.161014
301,781.79,364.555,16.7944,253.896,0.161014
302,781.79,364.555,16.7944,309.005,0.161014
303,781.79,364.555,16.7944,359.76,0.161014
304,783.268,728.101,6.2834,274.285,0.0435331
305,797.661,62.811,6.23651,135.499,0.0455088
306,797.661,62.811,6.23651,255.259,0.0455088
307,797.675,51.9208,7.20088,316.415,0.0469604
308,797.824,39.7748,7.87847,73.928,0.043148
309,797.824,39.7748,7.87847,319.699,0.043148
310,798.684,502.064,5.00413,60.6972,0.0288305
311,808.974,68.6379,11.8394,87.931,0.0649458
312,810.251,381.76,102.991,346.303,0.0500689
313,816.014,845.754,6.50339,204.794,0.0732535
314,816.014,845.754,6.50339,263.781,0.0732535
315,817.654,62.2766,5.97636,279.457,0.0346319
316,817.654,62.2766,5.97636,311.194,0.0346319
317,819.911,605.267,85.5203,357.814,0.0172427
318,835.368,478.104,41.3882,257.845,0.0379007
319,843.043,41.2744,5.89813,110.566,0.0253229
320,844.02,752.229,12.3073,107.689,0.061701
321,846.68,768.24,7.60019,15.6971,0.117645
322,846.68,768.24,7.60019,211.074,0.117645
323,846.995,278.957,4.59037,289.788,0.0369815
324,848.072,758.524,3.44083,268.313,0.0240079
325,854.955,46.6444,6.05331,119.204,0.024239
326,861.923,766.565,12.4446,136.022,0.0584706
327,863.557,772.548,15.1965,135.571,0.0566457
328,864.992,34.8141,5.43904,300.497,0.0224412
329,871.697,64.1914,9.12783,138.695,0.0404588
330,871.697,64.1914,9.12783,273.622,0.0404588
331,878.922,68.9984,5.80391,152.01,0.0478238
332,878.922,68.9984,5.80391,276.467,0.0478238
333,884.956,436.44,4.989,48.6327,0.0371548
334,888.788,77.8142,13.2394,109.156,0.0677875
335,891.73,305.185,6.12519,233.887,0.0667581
336,891.73,305.185,6.12519,305.717,0.0667581
337,891.768,429.721,5.45673,40.47,0.0362757
338,892.155,316.201,11.8373,142.173,0.0968597
339,901.857,75.2929,6.85779,315.001,0.0296922
340,902.694,401.96,12.1111,202.505,0.0986009
341,904.146,319.236,8.14214,344.896,0.0715776
342,905.787,413.968,7.68132,70.668,0.0653377
343,913.932,393.504,7.86692,2.98805,0.085769
344,913.932,393.504,7.86692,267.391,0.085769
345,920.174,1291.97,10.3604,93.759,0.054038
346,920.174,1291.97,10.3604,217.769,0.054038
347,921.363,440.201,32.2982,269.75,0.0368007
348,921.635,283.729,5.32002,245.216,0.0367108
349,927.775,1301.86,8.6999,223.892,0.076164
350,931.612,90.0925,5.90858,300.887,0.0234465
351,936.254,1293.84,4.66461,28.9186,0.068318
352,937.426,1299.86,4.12854,37.7452,0.0606518
353,937.426,1299.86,4.12854,304.001,0.0606518
354,940.021,832.651,5.7819,224.336,0.0683931
355,940.021,832.651,5.7819,315.119,0.0683931
356,940.448,841.817,8.69973,45.6189,0.100137
357,940.448,841.817,8.69973,129.458,0.100137
358,942.311,1311.24,6.80712,317.817,0.0760544
359,942.311,1311.24,6.80712,358.564,0.0760544
360,947.109,1297.09,12.0652,340.658,0.051158
361,950.352,718.705,8.40323,69.3728,0.0822619
362,950.352,718.705,8.40323,174.008,0.0822619
363,954.194,806.627,8.72074,183.822,0.0570713
364,958.305,706.079,11.66,240.161,0.0704298
365,959.314,465.201,4.81954,256.597,0.0303084
366,962.819,744.653,12.3221,179.353,0.0792278
367,963.197,478.469,4.59456,71.2803,0.0269458
368,968.764,737.208,5.44699,278.355,0.0288083
369,968.764,737.208,5.44699,342.635,0.0288083
370,969.129,707.008,5.99337,13.5102,0.0371847
371,969.129,707.008,5.99337,47.0655,0.0371847
372,969.816,475.587,3.03357,70.0359,0.0220746
373,970.36,787.567,5.98495,221.505,0.0807588
374,970.36,787.567,5.98495,348.926,0.0807588
375,971.083,816.381,7.02566,39.791,0.0781856
376,972.717,338.442,62.5435,161.238,0.0546827
377,975.48,726.103,12.64,260.778,0.0270938
378,979.624,717.745,17.1797,36.6875,0.0288273
379,979.624,717.745,17.1797,242.335,0.0288273
380,979.806,812.882,6.54544,141.691,0.105035
381,979.806,812.882,6.54544,317.233,0.105035
382,980.01,457.042,4.51509,240.44,0.0294641
383,980.217,426.019,26.355,234.102,0.0438176
384,980.484,801.954,6.96514,27.9403,0.067258
385,982.258,697.07,5.00515,51.7163,0.0252712
386,986.264,452.867,4.43365,232.627,0.0285001
387,986.925,147.925,5.69065,330.04,0.0220814
388,989.821,764.727,3.12337,231.321,0.0301617
389,991.901,770.176,6.38167,26.5461,0.0955164
390,993.757,469.427,6.87161,99.0766,0.0588559
391,993.969,469.916,7.42034,95.5022,0.0588864
392,995.271,457.154,13.3549,230.602,0.0802624
393,1002.08,554.741,81.6668,211.054,0.0218871
394,1003.19,734.765,6.22744,240.107,0.0258042
395,1006.13,678.268,5.04337,49.9072,0.0232715
396,1006.26,796.188,28.8134,7.56058,0.0591926
397,1007.18,455.988,6.43132,17.2145,0.0637551
398,1007.18,455.988,6.43132,303.653,0.0637551
399,1008.31,425.197,10.2885,179.88,0.0771509
400,1008.37,760.933,13.5921,102.165,0.0661439
401,1009.54,466.712,7.32348,117.111,0.0803805
402,1009.54,466.712,7.32348,299.914,0.0803805
403,1009.95,743.241,10.5071,103.691,0.0763163
404,1011.52,246.488,7.77095,135.976,0.0767769
405,1013.01,360.574,14.6741,184.43,0.159314
406,1013.99,863.884,11.2455,150.795,0.102009
407,1015.48,411.797,7.91102,229.126,0.0886881
408,1015.48,411.797,7.91102,327.063,0.0886881
409,1015.56,649.854,4.78837,221.935,0.0368195
410,1015.67,452.897,12.8423,4.99233,0.093521
411,1015.67,452.897,12.8423,179.345,0.093521
412,1016.4,240.665,5.32541,313.704,0.0321206
413,1017.57,852.322,8.02424,283.699,0.0677508
414,1017.57,852.322,8.02424,316.446,0.0677508
415,1017.96,390.479,21.0863,206.939,0.0813001
416,1017.96,390.479,21.0863,295.475,0.0813001
417,1020.42,286.144,9.86007,187.38,0.0817379
418,1020.42,286.144,9.86007,295.707,0.0817379
419,1022.13,739.781,7.96385,37.6791,0.0716352
420,1022.13,739.781,7.96385,325.403,0.0716352
421,1023.94,756.937,8.32691,146.847,0.0954308
422,1023.94,756.937,8.32691,329.831,0.0954308
423,1024.27,301.902,10.9919,131.992,0.082373
424,1024.34,869.887,6.47334,342.246,0.0854144
425,1025.18,711.085,5.02686,224.175,0.0190249
426,1025.43,840.772,19.2507,168.859,0.0665471
427,1025.43,840.772,19.2507,309.855,0.0665471
428,1025.5,472.369,10.8235,120.281,0.0745856
429,1025.64,604.976,2.78569,277.455,0.0147998
430,1027.78,614.704,7.58923,306.095,0.082258
431,1030.24,629.327,7.19328,143.765,0.0577598
432,1030.24,629.327,7.19328,215.212,0.0577598
433,1031.01,629.297,6.5781,136.942,0.0581923
434,1031.01,629.297,6.5781,214.291,0.0581923
435,1031.17,420.622,6.20191,351.258,0.0364529
436,1034.66,303.094,5.91708,14.1644,0.0370764
437,1034.66,303.094,5.91708,329.705,0.0370764
438,1035.38,700.375,3.9643,230.357,0.0158899
439,1035.65,468.972,6.62785,316.512,0.0362201
440,1035.68,647.155,4.93889,39.7374,0.0247834
441,1039.83,849.871,7.73961,177.864,0.0768771
442,1039.83,849.871,7.73961,249.609,0.0768771
443,1040.41,1003.09,6.81042,126.874,0.112639
444,1041.01,850.733,6.61104,178.256,0.0769224
445,1041.01,850.733,6.61104,249.76,0.0769224
446,1042.37,316.104,4.4364,329.885,0.0256466
447,1044.55,616.25,7.63744,297.386,0.0408863
448,1047.18,636.267,6.69933,82.8039,0.0346785
449,1047.64,393.539,5.4602,20.2486,0.025058
450,1047.73,857.472,8.84417,69.6355,0.107719
451,1048.27,997.995,5.63678,173.396,0.0867837
452,1048.27,997.995,5.63678,284.416,0.0867837
453,1049.09,480.838,4.92457,308.744,0.0265206
454,1052.55,710.58,9.95868,58.9871,0.0602327
455,1052.55,710.58,9.95868,99.3192,0.0602327
456,1053.74,577.53,3.80005,178.971,0.0210216
457,1054.12,660.722,25.5275,236.649,0.0209037
458,1056.97,564.109,4.16572,207.233,0.0208864
459,1057.19,690.777,4.49643,280.231,0.0155384
460,1057.39,1007.47,17.1463,125.353,0.099539
461,1058.01,487.579,4.83313,309.722,0.0247414
462,1059.54,527.971,2.8251,96.7985,0.0143071
463,1061.14,510.791,6.188,138.456,0.072379
464,1063.1,519.969,5.78545,62.2469,0.0786455
465,1063.15,555.634,3.18649,221.597,0.0188504
466,1064,589.557,3.96204,100.882,0.0194145
467,1066.29,995.3,8.24282,265.156,0.0815056
468,1066.29,995.3,8.24282,340.832,0.0815056
469,1066.64,494.758,5.03128,310.376,0.024769
470,1067.66,572.291,18.1895,204.3,0.099316
471,1068.58,606.862,21.0188,282.251,0.0504355
472,1070.43,523.208,5.39271,59.1713,0.0482439
473,1070.66,693.235,7.39708,275.938,0.0278656
474,1072.18,511.143,10.3023,62.4594,0.0738508
475,1072.36,1013.05,6.02069,68.2355,0.0476621
476,1072.36,1013.05,6.02069,317.922,0.0476621
477,1075.25,501.581,5.96351,259.649,0.0371436
478,1075.25,501.581,5.96351,301.589,0.0371436
479,1076.85,704.186,13.1742,110.481,0.0690207
480,1077.7,548.734,5.35527,26.9586,0.0717752
481,1077.7,548.734,5.35527,242.179,0.0717752
482,1079.47,557.911,5.91939,339.502,0.0505624
483,1080.01,584.263,4.3288,33.6882,0.0283326
484,1081.37,542.889,2.08459,291.403,0.0156452
485,1084.44,1307.81,5.23979,103.39,0.0285554
486,1090.65,664.117,104.831,69.4453,0.0376474
487,1091.31,702.348,7.67202,47.1955,0.0568452
488,1092.07,1029.82,4.85972,310.069,0.0268609
489,1096.92,530.272,25.6379,76.9646,0.0503526
490,1096.92,530.272,25.6379,208.56,0.0503526
491,1098.45,613.793,5.08397,22.6534,0.0254239
492,1105.41,584.708,5.4666,15.859,0.0293213
493,1105.57,670.539,5.02075,231.365,0.0182371
494,1106.94,516.421,10.1456,103.482,0.0618244
495,1109.39,496.216,5.55344,286.894,0.0232093
496,1112.72,665.656,5.09103,234.078,0.0199047
497,1127.06,748.329,6.88251,125.292,0.0500942
498,1127.73,728.258,5.74551,310.264,0.0295943
499,1130.19,1067.83,5.41779,319.826,0.0275509
500,1135.67,647.631,5.54496,230.921,0.0194857
501,1139.73,737.581,5.98255,314.434,0.0436784
502,1144.76,641.708,4.29364,230.554,0.0187775
503,1152.51,1097.58,4.68489,325.92,0.0282102
504,1167.1,1119.3,5.10957,329.354,0.0269968
505,1201.22,1187.97,5.48479,340.051,0.0258763
506,1203.89,593.277,5.27423,229.7,0.0200525
507,1225.13,594.408,5.13065,49.8519,0.0323503
508,1233.42,900.313,8.45308,181.29,0.0592615
509,1234.07,850.796,4.19672,331.677,0.034621
510,1241.58,560.27,5.14882,229.683,0.018584
511,1241.67,879.493,11.8878,165.333,0.0843269
512,1244.22,867.3,6.42329,230.381,0.0813438
513,1244.22,867.3,6.42329,327.235,0.0813438
514,1248.21,554.317,5.59239,229.463,0.0173958
515,1250.67,884.073,6.15591,5.20016,0.0370662
516,1250.67,884.073,6.15591,27.4557,0.0370662
517,1258.08,545.761,5.13742,228.923,0.0196052
518,1260.87,563.044,5.41895,49.7441,0.0300141
519,1277.16,501.855,81.6232,39.5595,0.0323533
520,1292.38,513.135,4.15006,226.659,0.0234301
521,1298.06,812.282,5.23668,220.295,0.0442944
522,1298.99,505.729,5.32708,224.609,0.0189372
523,1306.87,824.474,5.14789,43.4691,0.0273901
524,1308.56,494.626,6.06495,190.98,0.0256919
525,1308.56,494.626,6.06495,210.382,0.0256919
526,1332.96,400.871,4.73894,229.142,0.0184128
527,1344.23,782.963,4.75829,40.5791,0.0276626
528,1346.75,390.74,5.65313,221.568,0.0240467
529,1351.14,775.118,4.96844,40.1994,0.0267929
530,1355.27,374.592,6.06421,214.473,0.0283464
531,1356.68,474.964,15.6327,143.256,0.0309118
532,1357.95,392.414,13.293,73.4581,0.0561886
533,1360.31,503.314,32.0354,13.9335,0.0337693
534,1366.54,458.103,7.35891,158.456,0.0906354
535,1366.54,458.103,7.35891,317.023,0.0906354
536,1368.26,384.59,6.76818,26.2893,0.0562029
537,1368.26,384.59,6.76818,273.27,0.0562029
538,1369.93,383.555,7.82356,275.797,0.0562891
539,1388.69,540.002,7.98757,18.122,0.0911563
540,1388.69,540.002,7.98757,182.04,0.0911563
541,1391.03,339.158,5.04035,242.938,0.0220446
542,1397.09,501.951,5.93023,132.42,0.0651396
543,1397.09,501.951,5.93023,210.098,0.0651396
544,1407.97,500.564,10.8271,289.798,0.084369
545,1413.69,509.488,6.9213,58.562,0.0510733
546,1413.69,509.488,6.9213,80.7894,0.0510733
547,1413.82,510.3,7.64579,60.4568,0.0514164
548,1414.64,374.783,24.4142,75.8263,0.0478241
549,1417.84,397.203,6.45637,213.203,0.0670935
550,1417.84,397.203,6.45637,294.069,0.0670935
551,1421.43,408.254,11.2011,127.869,0.0774771
552,1430.01,373.649,8.62187,218.671,0.0437076
553,1430.74,336.397,4.70751,288.618,0.0244354
554,1432.01,408.081,6.3735,6.01543,0.0454761
555,1432.01,408.081,6.3735,330.923,0.0454761
556,1438.37,671.555,5.26458,39.8439,0.0256323
557,1439.9,419.715,4.4188,321.198,0.0262486
558,1443.39,664.203,4.39982,39.7958,0.0263947
559,1446.08,362.401,6.05783,137.084,0.0512235
560,1446.08,362.401,6.05783,218.151,0.0512235
561,1447.91,426.936,6.31647,326.558,0.0402348
562,1447.92,501.902,6.85517,67.9042,0.0631984
563,1447.92,501.902,6.85517,146.523,0.0631984
564,1451.48,489.777,12.2103,213.584,0.0780303
565,1456.52,364.265,9.75637,69.7618,0.0581002
566,1457.23,458.242,11.2505,170.219,0.078608
567,1458.33,444.919,6.07438,226.753,0.0723255
568,1458.33,444.919,6.07438,327.348,0.0723255
569,1459.8,356.564,4.94945,264.978,0.0377662
570,1464.4,500.934,4.09416,328.125,0.0289675
571,1474.66,505.812,8.21937,307.727,0.0444678
572,1475.52,369.23,5.82515,94.7678,0.0344069
573,1478.62,400.272,31.0841,82.7437,0.0527642
574,1486.68,398.239,27.2078,89.4354,0.0524473
575,1486.68,398.239,27.2078,234.077,0.0524473
576,1488.17,490.535,25.6986,12.6596,0.0455416
577,1488.17,490.535,25.6986,218.295,0.0455416
578,1500.05,362.691,5.05975,300.57,0.0248429
579,1504.32,383.359,3.26397,138.436,0.0237557
580,1508.99,504.693,3.29184,89.7735,0.027925
581,1512.89,488.81,5.35417,237.237,0.0388504
582,1513.71,373.958,5.42526,319.669,0.0251116
583,1515.77,405.675,6.55969,161.172,0.0680208
584,1515.77,405.675,6.55969,249.625,0.0680208
585,1525.25,411.559,10.5012,98.4767,0.0606398
586,1533.57,406.787,6.13211,309.287,0.033087
587,1534.5,484.497,13.0002,10.385,0.0882153
588,1534.5,484.497,13.0002,227.677,0.0882153
589,1535.45,449.992,26.9785,103.745,0.0457545
590,1541.45,471.091,6.13554,12.4215,0.0844812
591,1541.45,471.091,6.13554,227.895,0.0844812
592,1544.32,429.686,4.1641,128.231,0.0271395
593,1545.09,479.215,5.44318,10.1815,0.045282
594,1548.89,466.346,4.28522,334.255,0.0165072
595,1551.73,441.583,8.03892,140.117,0.0448458
596,1554.79,420.241,5.34349,310.686,0.0245834
597,1569.38,518.362,5.11788,20.3897,0.0279988
598,1573,508.549,5.13129,19.9636,0.0262047
